{
    "logs": [
        {
            "outputFile": "D:\\AndroidApp\\pollutionApp\\app\\build\\intermediates\\incremental\\mergeDebugResources\\merged.dir\\values-zh-rTW\\values-zh-rTW.xml",
            "map": [
                {
                    "source": "C:\\Users\\AK\\.gradle\\caches\\transforms-1\\files-1.1\\support-compat-28.0.0.aar\\1970a8374905cdba3a8206c5254335d9\\res\\values-zh-rTW\\values-zh-rTW.xml",
                    "from": {
                        "startLines": "2",
                        "startColumns": "4",
                        "startOffsets": "55",
                        "endColumns": "100",
                        "endOffsets": "151"
                    },
                    "to": {
                        "startLines": "48",
                        "startColumns": "4",
                        "startOffsets": "5061",
                        "endColumns": "100",
                        "endOffsets": "5157"
                    }
                },
                {
                    "source": "C:\\Users\\AK\\.gradle\\caches\\transforms-1\\files-1.1\\play-services-base-16.0.1.aar\\8655860c1a266993fa515ed924167325\\res\\values-zh-rTW\\values.xml",
                    "from": {
                        "startLines": "4,5,6,7,8,9,10,11,12,13,14,15,16,17,18,19,20",
                        "startColumns": "0,0,0,0,0,0,0,0,0,0,0,0,0,0,0,0,0",
                        "startOffsets": "249,348,508,621,721,887,1001,1127,1247,1416,1515,1675,1788,1949,2083,2165,2248",
                        "endColumns": "98,159,112,99,165,113,125,119,168,98,159,112,160,133,81,82,98",
                        "endOffsets": "347,507,620,720,886,1000,1126,1246,1415,1514,1674,1787,1948,2082,2164,2247,2346"
                    },
                    "to": {
                        "startLines": "29,30,31,32,33,34,35,36,38,39,40,41,42,43,44,45,46",
                        "startColumns": "4,4,4,4,4,4,4,4,4,4,4,4,4,4,4,4,4",
                        "startOffsets": "2675,2778,2938,3055,3159,3325,3443,3573,3859,4028,4131,4291,4408,4569,4707,4793,4880",
                        "endColumns": "102,159,116,103,165,117,129,123,168,102,159,116,160,137,85,86,102",
                        "endOffsets": "2773,2933,3050,3154,3320,3438,3568,3692,4023,4126,4286,4403,4564,4702,4788,4875,4978"
                    }
                },
                {
                    "source": "C:\\Users\\AK\\.gradle\\caches\\transforms-1\\files-1.1\\appcompat-v7-28.0.0.aar\\3b559868e56ba30f8d8c4e65262dcbed\\res\\values-zh-rTW\\values-zh-rTW.xml",
                    "from": {
                        "startLines": "2,3,4,5,6,7,8,9,10,11,12,13,14,15,16,17,18,19,20,21,22,23,24,25,26,27,28,29",
                        "startColumns": "4,4,4,4,4,4,4,4,4,4,4,4,4,4,4,4,4,4,4,4,4,4,4,4,4,4,4,4",
                        "startOffsets": "105,200,293,393,475,572,680,756,832,924,1018,1116,1212,1308,1402,1498,1590,1682,1774,1852,1948,2044,2139,2236,2331,2431,2581,2675",
                        "endColumns": "94,92,99,81,96,107,75,75,91,93,97,95,95,93,95,91,91,91,77,95,95,94,96,94,99,149,93,77",
                        "endOffsets": "195,288,388,470,567,675,751,827,919,1013,1111,1207,1303,1397,1493,1585,1677,1769,1847,1943,2039,2134,2231,2326,2426,2576,2670,2748"
                    },
                    "to": {
                        "startLines": "2,3,4,5,6,7,8,9,10,11,12,13,14,15,16,17,18,19,20,21,22,23,24,25,26,27,28,47",
                        "startColumns": "4,4,4,4,4,4,4,4,4,4,4,4,4,4,4,4,4,4,4,4,4,4,4,4,4,4,4,4",
                        "startOffsets": "105,200,293,393,475,572,680,756,832,924,1018,1116,1212,1308,1402,1498,1590,1682,1774,1852,1948,2044,2139,2236,2331,2431,2581,4983",
                        "endColumns": "94,92,99,81,96,107,75,75,91,93,97,95,95,93,95,91,91,91,77,95,95,94,96,94,99,149,93,77",
                        "endOffsets": "195,288,388,470,567,675,751,827,919,1013,1111,1207,1303,1397,1493,1585,1677,1769,1847,1943,2039,2134,2231,2326,2426,2576,2670,5056"
                    }
                },
                {
                    "source": "C:\\Users\\AK\\.gradle\\caches\\transforms-1\\files-1.1\\play-services-basement-16.0.1.aar\\cf2e8c063b88dd0e1ecad3301e066bde\\res\\values-zh-rTW\\values.xml",
                    "from": {
                        "startLines": "4",
                        "startColumns": "0",
                        "startOffsets": "251",
                        "endColumns": "161",
                        "endOffsets": "412"
                    },
                    "to": {
                        "startLines": "37",
                        "startColumns": "4",
                        "startOffsets": "3697",
                        "endColumns": "161",
                        "endOffsets": "3854"
                    }
                }
            ]
        }
    ]
}