{
    "logs": [
        {
            "outputFile": "D:\\AndroidApp\\pollutionApp\\app\\build\\intermediates\\incremental\\mergeDebugResources\\merged.dir\\values-zh-rHK\\values-zh-rHK.xml",
            "map": [
                {
                    "source": "C:\\Users\\AK\\.gradle\\caches\\transforms-1\\files-1.1\\play-services-basement-16.0.1.aar\\cf2e8c063b88dd0e1ecad3301e066bde\\res\\values-zh-rHK\\values.xml",
                    "from": {
                        "startLines": "4",
                        "startColumns": "0",
                        "startOffsets": "251",
                        "endColumns": "166",
                        "endOffsets": "417"
                    },
                    "to": {
                        "startLines": "37",
                        "startColumns": "4",
                        "startOffsets": "3690",
                        "endColumns": "166",
                        "endOffsets": "3852"
                    }
                },
                {
                    "source": "C:\\Users\\AK\\.gradle\\caches\\transforms-1\\files-1.1\\appcompat-v7-28.0.0.aar\\3b559868e56ba30f8d8c4e65262dcbed\\res\\values-zh-rHK\\values-zh-rHK.xml",
                    "from": {
                        "startLines": "2,3,4,5,6,7,8,9,10,11,12,13,14,15,16,17,18,19,20,21,22,23,24,25,26,27,28,29",
                        "startColumns": "4,4,4,4,4,4,4,4,4,4,4,4,4,4,4,4,4,4,4,4,4,4,4,4,4,4,4,4",
                        "startOffsets": "105,200,293,393,475,572,680,756,832,924,1018,1110,1206,1302,1396,1492,1584,1676,1768,1846,1942,2038,2133,2230,2325,2423,2574,2668",
                        "endColumns": "94,92,99,81,96,107,75,75,91,93,91,95,95,93,95,91,91,91,77,95,95,94,96,94,97,150,93,77",
                        "endOffsets": "195,288,388,470,567,675,751,827,919,1013,1105,1201,1297,1391,1487,1579,1671,1763,1841,1937,2033,2128,2225,2320,2418,2569,2663,2741"
                    },
                    "to": {
                        "startLines": "2,3,4,5,6,7,8,9,10,11,12,13,14,15,16,17,18,19,20,21,22,23,24,25,26,27,28,47",
                        "startColumns": "4,4,4,4,4,4,4,4,4,4,4,4,4,4,4,4,4,4,4,4,4,4,4,4,4,4,4,4",
                        "startOffsets": "105,200,293,393,475,572,680,756,832,924,1018,1110,1206,1302,1396,1492,1584,1676,1768,1846,1942,2038,2133,2230,2325,2423,2574,4983",
                        "endColumns": "94,92,99,81,96,107,75,75,91,93,91,95,95,93,95,91,91,91,77,95,95,94,96,94,97,150,93,77",
                        "endOffsets": "195,288,388,470,567,675,751,827,919,1013,1105,1201,1297,1391,1487,1579,1671,1763,1841,1937,2033,2128,2225,2320,2418,2569,2663,5056"
                    }
                },
                {
                    "source": "C:\\Users\\AK\\.gradle\\caches\\transforms-1\\files-1.1\\support-compat-28.0.0.aar\\1970a8374905cdba3a8206c5254335d9\\res\\values-zh-rHK\\values-zh-rHK.xml",
                    "from": {
                        "startLines": "2",
                        "startColumns": "4",
                        "startOffsets": "55",
                        "endColumns": "100",
                        "endOffsets": "151"
                    },
                    "to": {
                        "startLines": "48",
                        "startColumns": "4",
                        "startOffsets": "5061",
                        "endColumns": "100",
                        "endOffsets": "5157"
                    }
                },
                {
                    "source": "C:\\Users\\AK\\.gradle\\caches\\transforms-1\\files-1.1\\play-services-base-16.0.1.aar\\8655860c1a266993fa515ed924167325\\res\\values-zh-rHK\\values.xml",
                    "from": {
                        "startLines": "4,5,6,7,8,9,10,11,12,13,14,15,16,17,18,19,20",
                        "startColumns": "0,0,0,0,0,0,0,0,0,0,0,0,0,0,0,0,0",
                        "startOffsets": "249,348,508,621,721,887,1001,1129,1247,1416,1515,1675,1788,1954,2088,2169,2252",
                        "endColumns": "98,159,112,99,165,113,127,117,168,98,159,112,165,133,80,82,96",
                        "endOffsets": "347,507,620,720,886,1000,1128,1246,1415,1514,1674,1787,1953,2087,2168,2251,2348"
                    },
                    "to": {
                        "startLines": "29,30,31,32,33,34,35,36,38,39,40,41,42,43,44,45,46",
                        "startColumns": "4,4,4,4,4,4,4,4,4,4,4,4,4,4,4,4,4",
                        "startOffsets": "2668,2771,2931,3048,3152,3318,3436,3568,3857,4026,4129,4289,4406,4572,4710,4795,4882",
                        "endColumns": "102,159,116,103,165,117,131,121,168,102,159,116,165,137,84,86,100",
                        "endOffsets": "2766,2926,3043,3147,3313,3431,3563,3685,4021,4124,4284,4401,4567,4705,4790,4877,4978"
                    }
                }
            ]
        }
    ]
}