{
    "logs": [
        {
            "outputFile": "D:\\AndroidApp\\pollutionApp\\app\\build\\intermediates\\incremental\\mergeDebugResources\\merged.dir\\values-lo\\values-lo.xml",
            "map": [
                {
                    "source": "C:\\Users\\AK\\.gradle\\caches\\transforms-1\\files-1.1\\support-compat-28.0.0.aar\\1970a8374905cdba3a8206c5254335d9\\res\\values-lo\\values-lo.xml",
                    "from": {
                        "startLines": "2",
                        "startColumns": "4",
                        "startOffsets": "55",
                        "endColumns": "100",
                        "endOffsets": "151"
                    },
                    "to": {
                        "startLines": "48",
                        "startColumns": "4",
                        "startOffsets": "5579",
                        "endColumns": "100",
                        "endOffsets": "5675"
                    }
                },
                {
                    "source": "C:\\Users\\AK\\.gradle\\caches\\transforms-1\\files-1.1\\appcompat-v7-28.0.0.aar\\3b559868e56ba30f8d8c4e65262dcbed\\res\\values-lo\\values-lo.xml",
                    "from": {
                        "startLines": "2,3,4,5,6,7,8,9,10,11,12,13,14,15,16,17,18,19,20,21,22,23,24,25,26,27,28,29",
                        "startColumns": "4,4,4,4,4,4,4,4,4,4,4,4,4,4,4,4,4,4,4,4,4,4,4,4,4,4,4,4",
                        "startOffsets": "105,208,305,412,497,602,714,791,869,960,1053,1149,1243,1344,1437,1532,1626,1717,1808,1888,1995,2092,2190,2295,2398,2502,2659,2755",
                        "endColumns": "102,96,106,84,104,111,76,77,90,92,95,93,100,92,94,93,90,90,79,106,96,97,104,102,103,156,95,80",
                        "endOffsets": "203,300,407,492,597,709,786,864,955,1048,1144,1238,1339,1432,1527,1621,1712,1803,1883,1990,2087,2185,2290,2393,2497,2654,2750,2831"
                    },
                    "to": {
                        "startLines": "2,3,4,5,6,7,8,9,10,11,12,13,14,15,16,17,18,19,20,21,22,23,24,25,26,27,28,47",
                        "startColumns": "4,4,4,4,4,4,4,4,4,4,4,4,4,4,4,4,4,4,4,4,4,4,4,4,4,4,4,4",
                        "startOffsets": "105,208,305,412,497,602,714,791,869,960,1053,1149,1243,1344,1437,1532,1626,1717,1808,1888,1995,2092,2190,2295,2398,2502,2659,5498",
                        "endColumns": "102,96,106,84,104,111,76,77,90,92,95,93,100,92,94,93,90,90,79,106,96,97,104,102,103,156,95,80",
                        "endOffsets": "203,300,407,492,597,709,786,864,955,1048,1144,1238,1339,1432,1527,1621,1712,1803,1883,1990,2087,2185,2290,2393,2497,2654,2750,5574"
                    }
                },
                {
                    "source": "C:\\Users\\AK\\.gradle\\caches\\transforms-1\\files-1.1\\play-services-basement-16.0.1.aar\\cf2e8c063b88dd0e1ecad3301e066bde\\res\\values-lo\\values.xml",
                    "from": {
                        "startLines": "4",
                        "startColumns": "0",
                        "startOffsets": "247",
                        "endColumns": "190",
                        "endOffsets": "437"
                    },
                    "to": {
                        "startLines": "37",
                        "startColumns": "4",
                        "startOffsets": "3929",
                        "endColumns": "190",
                        "endOffsets": "4115"
                    }
                },
                {
                    "source": "C:\\Users\\AK\\.gradle\\caches\\transforms-1\\files-1.1\\play-services-base-16.0.1.aar\\8655860c1a266993fa515ed924167325\\res\\values-lo\\values.xml",
                    "from": {
                        "startLines": "4,5,6,7,8,9,10,11,12,13,14,15,16,17,18,19,20",
                        "startColumns": "0,0,0,0,0,0,0,0,0,0,0,0,0,0,0,0,0",
                        "startOffsets": "245,351,553,681,786,997,1120,1254,1395,1606,1709,1906,2033,2263,2450,2544,2639",
                        "endColumns": "105,201,127,104,210,122,133,140,210,102,196,126,229,186,93,94,109",
                        "endOffsets": "350,552,680,785,996,1119,1253,1394,1605,1708,1905,2032,2262,2449,2543,2638,2748"
                    },
                    "to": {
                        "startLines": "29,30,31,32,33,34,35,36,38,39,40,41,42,43,44,45,46",
                        "startColumns": "4,4,4,4,4,4,4,4,4,4,4,4,4,4,4,4,4",
                        "startOffsets": "2755,2865,3067,3199,3308,3519,3646,3784,4120,4331,4438,4635,4766,4996,5187,5285,5384",
                        "endColumns": "109,201,131,108,210,126,137,144,210,106,196,130,229,190,97,98,113",
                        "endOffsets": "2860,3062,3194,3303,3514,3641,3779,3924,4326,4433,4630,4761,4991,5182,5280,5379,5493"
                    }
                }
            ]
        }
    ]
}