{
    "logs": [
        {
            "outputFile": "D:\\AndroidApp\\pollutionApp\\app\\build\\intermediates\\incremental\\mergeDebugResources\\merged.dir\\values-ms\\values-ms.xml",
            "map": [
                {
                    "source": "C:\\Users\\AK\\.gradle\\caches\\transforms-1\\files-1.1\\play-services-basement-16.0.1.aar\\cf2e8c063b88dd0e1ecad3301e066bde\\res\\values-ms\\values.xml",
                    "from": {
                        "startLines": "4",
                        "startColumns": "0",
                        "startOffsets": "247",
                        "endColumns": "204",
                        "endOffsets": "451"
                    },
                    "to": {
                        "startLines": "37",
                        "startColumns": "4",
                        "startOffsets": "4005",
                        "endColumns": "204",
                        "endOffsets": "4205"
                    }
                },
                {
                    "source": "C:\\Users\\AK\\.gradle\\caches\\transforms-1\\files-1.1\\support-compat-28.0.0.aar\\1970a8374905cdba3a8206c5254335d9\\res\\values-ms\\values-ms.xml",
                    "from": {
                        "startLines": "2",
                        "startColumns": "4",
                        "startOffsets": "55",
                        "endColumns": "100",
                        "endOffsets": "151"
                    },
                    "to": {
                        "startLines": "48",
                        "startColumns": "4",
                        "startOffsets": "5726",
                        "endColumns": "100",
                        "endOffsets": "5822"
                    }
                },
                {
                    "source": "C:\\Users\\AK\\.gradle\\caches\\transforms-1\\files-1.1\\appcompat-v7-28.0.0.aar\\3b559868e56ba30f8d8c4e65262dcbed\\res\\values-ms\\values-ms.xml",
                    "from": {
                        "startLines": "2,3,4,5,6,7,8,9,10,11,12,13,14,15,16,17,18,19,20,21,22,23,24,25,26,27,28,29",
                        "startColumns": "4,4,4,4,4,4,4,4,4,4,4,4,4,4,4,4,4,4,4,4,4,4,4,4,4,4,4,4",
                        "startOffsets": "105,216,321,429,516,620,731,809,888,979,1072,1167,1261,1360,1453,1548,1642,1733,1824,1904,2016,2125,2222,2331,2434,2541,2700,2801",
                        "endColumns": "110,104,107,86,103,110,77,78,90,92,94,93,98,92,94,93,90,90,79,111,108,96,108,102,106,158,100,79",
                        "endOffsets": "211,316,424,511,615,726,804,883,974,1067,1162,1256,1355,1448,1543,1637,1728,1819,1899,2011,2120,2217,2326,2429,2536,2695,2796,2876"
                    },
                    "to": {
                        "startLines": "2,3,4,5,6,7,8,9,10,11,12,13,14,15,16,17,18,19,20,21,22,23,24,25,26,27,28,47",
                        "startColumns": "4,4,4,4,4,4,4,4,4,4,4,4,4,4,4,4,4,4,4,4,4,4,4,4,4,4,4,4",
                        "startOffsets": "105,216,321,429,516,620,731,809,888,979,1072,1167,1261,1360,1453,1548,1642,1733,1824,1904,2016,2125,2222,2331,2434,2541,2700,5646",
                        "endColumns": "110,104,107,86,103,110,77,78,90,92,94,93,98,92,94,93,90,90,79,111,108,96,108,102,106,158,100,79",
                        "endOffsets": "211,316,424,511,615,726,804,883,974,1067,1162,1256,1355,1448,1543,1637,1728,1819,1899,2011,2120,2217,2326,2429,2536,2695,2796,5721"
                    }
                },
                {
                    "source": "C:\\Users\\AK\\.gradle\\caches\\transforms-1\\files-1.1\\play-services-base-16.0.1.aar\\8655860c1a266993fa515ed924167325\\res\\values-ms\\values.xml",
                    "from": {
                        "startLines": "4,5,6,7,8,9,10,11,12,13,14,15,16,17,18,19,20",
                        "startColumns": "0,0,0,0,0,0,0,0,0,0,0,0,0,0,0,0,0",
                        "startOffsets": "245,349,554,682,786,1017,1147,1293,1425,1669,1776,1982,2115,2345,2546,2639,2729",
                        "endColumns": "103,204,127,103,230,129,145,131,243,106,205,132,229,200,92,89,107",
                        "endOffsets": "348,553,681,785,1016,1146,1292,1424,1668,1775,1981,2114,2344,2545,2638,2728,2836"
                    },
                    "to": {
                        "startLines": "29,30,31,32,33,34,35,36,38,39,40,41,42,43,44,45,46",
                        "startColumns": "4,4,4,4,4,4,4,4,4,4,4,4,4,4,4,4,4",
                        "startOffsets": "2801,2909,3114,3246,3354,3585,3719,3869,4210,4454,4565,4771,4908,5138,5343,5440,5534",
                        "endColumns": "107,204,131,107,230,133,149,135,243,110,205,136,229,204,96,93,111",
                        "endOffsets": "2904,3109,3241,3349,3580,3714,3864,4000,4449,4560,4766,4903,5133,5338,5435,5529,5641"
                    }
                }
            ]
        }
    ]
}