[{"name":"slice_0","index":0,"scopes":["PROJECT","SUB_PROJECTS"],"types":["DEX"],"format":"DIRECTORY","present":true},{"name":"slice_1","index":1,"scopes":["PROJECT","SUB_PROJECTS"],"types":["DEX"],"format":"DIRECTORY","present":true},{"name":"slice_2","index":2,"scopes":["PROJECT","SUB_PROJECTS"],"types":["DEX"],"format":"DIRECTORY","present":true},{"name":"slice_3","index":3,"scopes":["PROJECT","SUB_PROJECTS"],"types":["DEX"],"format":"DIRECTORY","present":true},{"name":"slice_4","index":4,"scopes":["PROJECT","SUB_PROJECTS"],"types":["DEX"],"format":"DIRECTORY","present":true},{"name":"slice_5","index":5,"scopes":["PROJECT","SUB_PROJECTS"],"types":["DEX"],"format":"DIRECTORY","present":true},{"name":"slice_6","index":6,"scopes":["PROJECT","SUB_PROJECTS"],"types":["DEX"],"format":"DIRECTORY","present":true},{"name":"slice_7","index":7,"scopes":["PROJECT","SUB_PROJECTS"],"types":["DEX"],"format":"DIRECTORY","present":true},{"name":"slice_8","index":8,"scopes":["PROJECT","SUB_PROJECTS"],"types":["DEX"],"format":"DIRECTORY","present":true},{"name":"slice_9","index":9,"scopes":["PROJECT","SUB_PROJECTS"],"types":["DEX"],"format":"DIRECTORY","present":true},{"name":"D:\\AndroidApp\\pollutionApp\\app\\build\\intermediates\\transforms\\externalLibsDexMerger\\debug\\0","index":10,"scopes":["EXTERNAL_LIBRARIES"],"types":["DEX"],"format":"DIRECTORY","present":true},{"name":"D:\\AndroidApp\\pollutionApp\\app\\build\\intermediates\\transforms\\dexBuilder\\debug\\420.jar","index":11,"scopes":["MAIN_SPLIT"],"types":["DEX"],"format":"DIRECTORY","present":true},{"name":"D:\\AndroidApp\\pollutionApp\\app\\build\\intermediates\\transforms\\dexBuilder\\debug\\421.jar","index":12,"scopes":["MAIN_SPLIT"],"types":["DEX"],"format":"DIRECTORY","present":true},{"name":"D:\\AndroidApp\\pollutionApp\\app\\build\\intermediates\\transforms\\dexBuilder\\debug\\422.jar","index":13,"scopes":["MAIN_SPLIT"],"types":["DEX"],"format":"DIRECTORY","present":true},{"name":"D:\\AndroidApp\\pollutionApp\\app\\build\\intermediates\\transforms\\dexBuilder\\debug\\423.jar","index":14,"scopes":["MAIN_SPLIT"],"types":["DEX"],"format":"DIRECTORY","present":true},{"name":"D:\\AndroidApp\\pollutionApp\\app\\build\\intermediates\\transforms\\dexBuilder\\debug\\424.jar","index":15,"scopes":["MAIN_SPLIT"],"types":["DEX"],"format":"DIRECTORY","present":true},{"name":"D:\\AndroidApp\\pollutionApp\\app\\build\\intermediates\\transforms\\dexBuilder\\debug\\425.jar","index":16,"scopes":["MAIN_SPLIT"],"types":["DEX"],"format":"DIRECTORY","present":true},{"name":"D:\\AndroidApp\\pollutionApp\\app\\build\\intermediates\\transforms\\dexBuilder\\debug\\426.jar","index":17,"scopes":["MAIN_SPLIT"],"types":["DEX"],"format":"DIRECTORY","present":true},{"name":"D:\\AndroidApp\\pollutionApp\\app\\build\\intermediates\\transforms\\dexBuilder\\debug\\427.jar","index":18,"scopes":["MAIN_SPLIT"],"types":["DEX"],"format":"DIRECTORY","present":true},{"name":"D:\\AndroidApp\\pollutionApp\\app\\build\\intermediates\\transforms\\dexBuilder\\debug\\428.jar","index":19,"scopes":["MAIN_SPLIT"],"types":["DEX"],"format":"DIRECTORY","present":true},{"name":"D:\\AndroidApp\\pollutionApp\\app\\build\\intermediates\\transforms\\dexBuilder\\debug\\429.jar","index":20,"scopes":["MAIN_SPLIT"],"types":["DEX"],"format":"DIRECTORY","present":true},{"name":"D:\\AndroidApp\\pollutionApp\\app\\build\\intermediates\\transforms\\dexBuilder\\debug\\431.jar","index":21,"scopes":["MAIN_SPLIT"],"types":["DEX"],"format":"DIRECTORY","present":true},{"name":"externalLibs","index":22,"scopes":["EXTERNAL_LIBRARIES"],"types":["DEX"],"format":"DIRECTORY","present":true}]