<?xml version="1.0" encoding="utf-8"?>
<resources>
    <string name="default_web_client_id" translatable="false">969160914748-9969f90ksuo2lm3ohb8836j779ocelvq.apps.googleusercontent.com</string>
    <string name="firebase_database_url" translatable="false">https://pollutionapp-a20f8.firebaseio.com</string>
    <string name="gcm_defaultSenderId" translatable="false">969160914748</string>
    <string name="google_api_key" translatable="false">AIzaSyDL50BqaWUpNcCObJUK1eqtUI5c1p_q4Jg</string>
    <string name="google_app_id" translatable="false">1:969160914748:android:30f15701ab92541b</string>
    <string name="google_crash_reporting_api_key" translatable="false">AIzaSyDL50BqaWUpNcCObJUK1eqtUI5c1p_q4Jg</string>
    <string name="google_storage_bucket" translatable="false">pollutionapp-a20f8.appspot.com</string>
    <string name="project_id" translatable="false">pollutionapp-a20f8</string>
</resources>
