{
    "logs": [
        {
            "outputFile": "D:\\AndroidApp\\pollutionApp\\app\\build\\intermediates\\incremental\\mergeDebugResources\\merged.dir\\values-cs\\values-cs.xml",
            "map": [
                {
                    "source": "C:\\Users\\AK\\.gradle\\caches\\transforms-1\\files-1.1\\support-compat-28.0.0.aar\\1970a8374905cdba3a8206c5254335d9\\res\\values-cs\\values-cs.xml",
                    "from": {
                        "startLines": "2",
                        "startColumns": "4",
                        "startOffsets": "55",
                        "endColumns": "100",
                        "endOffsets": "151"
                    },
                    "to": {
                        "startLines": "48",
                        "startColumns": "4",
                        "startOffsets": "5632",
                        "endColumns": "100",
                        "endOffsets": "5728"
                    }
                },
                {
                    "source": "C:\\Users\\AK\\.gradle\\caches\\transforms-1\\files-1.1\\play-services-basement-16.0.1.aar\\cf2e8c063b88dd0e1ecad3301e066bde\\res\\values-cs\\values.xml",
                    "from": {
                        "startLines": "4",
                        "startColumns": "0",
                        "startOffsets": "247",
                        "endColumns": "201",
                        "endOffsets": "448"
                    },
                    "to": {
                        "startLines": "37",
                        "startColumns": "4",
                        "startOffsets": "3961",
                        "endColumns": "201",
                        "endOffsets": "4158"
                    }
                },
                {
                    "source": "C:\\Users\\AK\\.gradle\\caches\\transforms-1\\files-1.1\\appcompat-v7-28.0.0.aar\\3b559868e56ba30f8d8c4e65262dcbed\\res\\values-cs\\values-cs.xml",
                    "from": {
                        "startLines": "2,3,4,5,6,7,8,9,10,11,12,13,14,15,16,17,18,19,20,21,22,23,24,25,26,27,28,29",
                        "startColumns": "4,4,4,4,4,4,4,4,4,4,4,4,4,4,4,4,4,4,4,4,4,4,4,4,4,4,4,4",
                        "startOffsets": "105,212,314,423,509,614,731,812,893,984,1077,1173,1267,1362,1455,1550,1647,1738,1829,1913,2017,2126,2225,2331,2441,2548,2711,2809",
                        "endColumns": "106,101,108,85,104,116,80,80,90,92,95,93,94,92,94,96,90,90,83,103,108,98,105,109,106,162,97,81",
                        "endOffsets": "207,309,418,504,609,726,807,888,979,1072,1168,1262,1357,1450,1545,1642,1733,1824,1908,2012,2121,2220,2326,2436,2543,2706,2804,2886"
                    },
                    "to": {
                        "startLines": "2,3,4,5,6,7,8,9,10,11,12,13,14,15,16,17,18,19,20,21,22,23,24,25,26,27,28,47",
                        "startColumns": "4,4,4,4,4,4,4,4,4,4,4,4,4,4,4,4,4,4,4,4,4,4,4,4,4,4,4,4",
                        "startOffsets": "105,212,314,423,509,614,731,812,893,984,1077,1173,1267,1362,1455,1550,1647,1738,1829,1913,2017,2126,2225,2331,2441,2548,2711,5550",
                        "endColumns": "106,101,108,85,104,116,80,80,90,92,95,93,94,92,94,96,90,90,83,103,108,98,105,109,106,162,97,81",
                        "endOffsets": "207,309,418,504,609,726,807,888,979,1072,1168,1262,1357,1450,1545,1642,1733,1824,1908,2012,2121,2220,2326,2436,2543,2706,2804,5627"
                    }
                },
                {
                    "source": "C:\\Users\\AK\\.gradle\\caches\\transforms-1\\files-1.1\\play-services-base-16.0.1.aar\\8655860c1a266993fa515ed924167325\\res\\values-cs\\values.xml",
                    "from": {
                        "startLines": "4,5,6,7,8,9,10,11,12,13,14,15,16,17,18,19,20",
                        "startColumns": "0,0,0,0,0,0,0,0,0,0,0,0,0,0,0,0,0",
                        "startOffsets": "245,349,541,664,772,984,1109,1247,1373,1607,1716,1911,2037,2257,2438,2532,2625",
                        "endColumns": "103,191,122,107,211,124,137,125,233,108,194,125,219,180,93,92,110",
                        "endOffsets": "348,540,663,771,983,1108,1246,1372,1606,1715,1910,2036,2256,2437,2531,2624,2735"
                    },
                    "to": {
                        "startLines": "29,30,31,32,33,34,35,36,38,39,40,41,42,43,44,45,46",
                        "startColumns": "4,4,4,4,4,4,4,4,4,4,4,4,4,4,4,4,4",
                        "startOffsets": "2809,2917,3109,3236,3348,3560,3689,3831,4163,4397,4510,4705,4835,5055,5240,5338,5435",
                        "endColumns": "107,191,126,111,211,128,141,129,233,112,194,129,219,184,97,96,114",
                        "endOffsets": "2912,3104,3231,3343,3555,3684,3826,3956,4392,4505,4700,4830,5050,5235,5333,5430,5545"
                    }
                }
            ]
        }
    ]
}