{
    "logs": [
        {
            "outputFile": "D:\\AndroidApp\\pollutionApp\\app\\build\\intermediates\\incremental\\mergeDebugResources\\merged.dir\\values-v24\\values-v24.xml",
            "map": [
                {
                    "source": "C:\\Users\\AK\\.gradle\\caches\\transforms-1\\files-1.1\\support-media-compat-26.1.0.aar\\197bbacfb8d42c8affbe9785404ba8c4\\res\\values-v24\\values-v24.xml",
                    "from": {
                        "startLines": "2,3,4,5",
                        "startColumns": "4,4,4,4",
                        "startOffsets": "55,121,182,248",
                        "endColumns": "65,60,65,66",
                        "endOffsets": "116,177,243,310"
                    },
                    "to": {
                        "startLines": "4,5,6,7",
                        "startColumns": "4,4,4,4",
                        "startOffsets": "347,413,474,540",
                        "endColumns": "65,60,65,66",
                        "endOffsets": "408,469,535,602"
                    }
                },
                {
                    "source": "C:\\Users\\AK\\.gradle\\caches\\transforms-1\\files-1.1\\appcompat-v7-28.0.0.aar\\3b559868e56ba30f8d8c4e65262dcbed\\res\\values-v24\\values-v24.xml",
                    "from": {
                        "startLines": "2,3",
                        "startColumns": "4,4",
                        "startOffsets": "55,212",
                        "endColumns": "156,134",
                        "endOffsets": "207,342"
                    }
                }
            ]
        }
    ]
}