{
  "project_info": {
    "project_number": "969160914748",
    "firebase_url": "https://pollutionapp-a20f8.firebaseio.com",
    "project_id": "pollutionapp-a20f8",
    "storage_bucket": "pollutionapp-a20f8.appspot.com"
  },
  "client": [
    {
      "client_info": {
        "mobilesdk_app_id": "1:969160914748:android:30f15701ab92541b",
        "android_client_info": {
          "package_name": "com.pollution.pollutionApp"
        }
      },
      "oauth_client": [
        {
          "client_id": "969160914748-uc7bkjl830inpkt8utkd72qm9kt414a9.apps.googleusercontent.com",
          "client_type": 1,
          "android_info": {
            "package_name": "com.pollution.pollutionApp",
            "certificate_hash": "06e30235bb6fd611e6018985fc4c3f8c007e40bd"
          }
        },
        {
          "client_id": "969160914748-9969f90ksuo2lm3ohb8836j779ocelvq.apps.googleusercontent.com",
          "client_type": 3
        }
      ],
      "api_key": [
        {
          "current_key": "AIzaSyDL50BqaWUpNcCObJUK1eqtUI5c1p_q4Jg"
        }
      ],
      "services": {
        "analytics_service": {
          "status": 1
        },
        "appinvite_service": {
          "status": 2,
          "other_platform_oauth_client": [
            {
              "client_id": "969160914748-9969f90ksuo2lm3ohb8836j779ocelvq.apps.googleusercontent.com",
              "client_type": 3
            }
          ]
        },
        "ads_service": {
          "status": 2
        }
      }
    }
  ],
  "configuration_version": "1"
}