<?xml version="1.0" encoding="utf-8"?>
<resources xmlns:ns1="urn:oasis:names:tc:xliff:document:1.2">
    <string msgid="4600421777120114993" name="abc_action_bar_home_description">"ହୋମ୍ ପେଜ୍‍କୁ ନେଭିଗେଟ୍ କରନ୍ତୁ"</string>
    <string msgid="1594238315039666878" name="abc_action_bar_up_description">"ଉପରକୁ ନେଭିଗେଟ୍ କରନ୍ତୁ"</string>
    <string msgid="3588849162933574182" name="abc_action_menu_overflow_description">"ଅଧିକ ବିକଳ୍ପ"</string>
    <string msgid="4076576682505996667" name="abc_action_mode_done">"ହୋଇଗଲା"</string>
    <string msgid="7468859129482906941" name="abc_activity_chooser_view_see_all">"ସବୁ ଦେଖନ୍ତୁ"</string>
    <string msgid="2031811694353399454" name="abc_activitychooserview_choose_application">"ଗୋଟିଏ ଆପ୍‍ ବାଛନ୍ତୁ"</string>
    <string msgid="121134116657445385" name="abc_capital_off">"ଅଫ୍"</string>
    <string msgid="3405795526292276155" name="abc_capital_on">"ଅନ୍"</string>
    <string msgid="1302280443949172191" name="abc_menu_alt_shortcut_label">"Alt+"</string>
    <string msgid="1324831542140195728" name="abc_menu_ctrl_shortcut_label">"Ctrl+"</string>
    <string msgid="8362206064229013510" name="abc_menu_delete_shortcut_label">"ଡିଲିଟ୍‍"</string>
    <string msgid="8341180395196749340" name="abc_menu_enter_shortcut_label">"ଏଣ୍ଟର୍"</string>
    <string msgid="4792426091847145555" name="abc_menu_function_shortcut_label">"Function+"</string>
    <string msgid="7643535737296831317" name="abc_menu_meta_shortcut_label">"Meta+"</string>
    <string msgid="8126296154200614004" name="abc_menu_shift_shortcut_label">"Shift+"</string>
    <string msgid="2378550843553983978" name="abc_menu_space_shortcut_label">"ସ୍ପେସ୍‍"</string>
    <string msgid="9002602288060866689" name="abc_menu_sym_shortcut_label">"Sym+"</string>
    <string msgid="1351762916121158029" name="abc_prepend_shortcut_label">"ମେନୁ"</string>
    <string msgid="7723749260725869598" name="abc_search_hint">"ସର୍ଚ୍ଚ…"</string>
    <string msgid="3691816814315814921" name="abc_searchview_description_clear">"କ୍ୱେରୀ ଖାଲି କରନ୍ତୁ"</string>
    <string msgid="2550479030709304392" name="abc_searchview_description_query">"ସର୍ଚ୍ଚ କ୍ୱେରୀ"</string>
    <string msgid="8264924765203268293" name="abc_searchview_description_search">"ସର୍ଚ୍ଚ କରନ୍ତୁ"</string>
    <string msgid="8928215447528550784" name="abc_searchview_description_submit">"କ୍ୱେରୀ ଦାଖଲ କରନ୍ତୁ"</string>
    <string msgid="893419373245838918" name="abc_searchview_description_voice">"ଭଏସ୍‌ ସର୍ଚ୍ଚ"</string>
    <string msgid="3421042268587513524" name="abc_shareactionprovider_share_with">"ଏହାଙ୍କ ସହ ଶେୟାର୍‌ କରନ୍ତୁ"</string>
    <string msgid="3300176832234831527" name="abc_shareactionprovider_share_with_application">"<ns1:g id="APPLICATION_NAME">%s</ns1:g> ସହ ଶେୟାର୍‍ କରନ୍ତୁ"</string>
    <string msgid="1603543279005712093" name="abc_toolbar_collapse_description">"ଛୋଟ କରନ୍ତୁ"</string>
    <string msgid="8585111718777012708" name="common_google_play_services_enable_button">"ସକ୍ଷମ କରନ୍ତୁ"</string>
    <string msgid="7045129128108380659" name="common_google_play_services_enable_text">"ଆପଣ Google Play ସେବା ସକ୍ଷମ ନ କରିବା ପର୍ଯ୍ୟନ୍ତ <ns1:g id="APP_NAME">%1$s</ns1:g> କାମ କରିବ ନାହିଁ।"</string>
    <string msgid="3147157405986503375" name="common_google_play_services_enable_title">"Google Play ସେବାଗୁଡ଼ିକ ସକ୍ଷମ କରନ୍ତୁ"</string>
    <string msgid="9115728400623041681" name="common_google_play_services_install_button">"ଇନ୍‍ଷ୍ଟଲ୍‍ କରନ୍ତୁ"</string>
    <string msgid="8179894293032530091" name="common_google_play_services_install_text">"<ns1:g id="APP_NAME">%1$s</ns1:g> ଏହି Google Play ସେବାଗୁଡ଼ିକ ବିନା ଚାଲେ ନାହିଁ, ଏବଂ ସେଗୁଡ଼ିକ ଆପଣଙ୍କ ଡିଭାଇସ୍‌ରେ ନାହିଁ।"</string>
    <string msgid="7442193194585196676" name="common_google_play_services_install_title">"Google Play ସେବାଗୁଡ଼ିକ ପ୍ରାପ୍ତ କରନ୍ତୁ"</string>
    <string msgid="4293541511340436975" name="common_google_play_services_notification_channel_name">"Google Play ସେବାଗୁଡ଼ିକର ଉପଲବ୍ଧତା"</string>
    <string msgid="180394615667698242" name="common_google_play_services_notification_ticker">"Google Play ସେବା ସମ୍ପର୍କିତ ସମସ୍ୟା"</string>
    <string msgid="2518680582564677258" name="common_google_play_services_unknown_issue">"<ns1:g id="APP_NAME">%1$s</ns1:g>ର Google Play ସେବା ସହ ଏକ ସମସ୍ୟା ରହିଛି। ଦୟାକରି ପୁଣି ଚେଷ୍ଟା କରନ୍ତୁ।"</string>
    <string msgid="5501187292256987189" name="common_google_play_services_unsupported_text">"<ns1:g id="APP_NAME">%1$s</ns1:g> ଏହି Google Play ସେବାଗୁଡ଼ିକ ବିନା ଚାଲେ ନାହିଁ, ଏବଂ ସେଗୁଡ଼ିକ ଆପଣଙ୍କ ଡିଭାଇସ୍‌ରେ କାମ କରେ ନାହିଁ।"</string>
    <string msgid="8172070149091615356" name="common_google_play_services_update_button">"ଅପଡେଟ୍‍ କରନ୍ତୁ"</string>
    <string msgid="7773943415006962566" name="common_google_play_services_update_text">"ଆପଣ Google Play ସେବା ଅପଡେଟ୍‌ ନ କରିବା ପର୍ଯ୍ୟନ୍ତ <ns1:g id="APP_NAME">%1$s</ns1:g> ଚାଲିବ ନାହିଁ।"</string>
    <string msgid="8706675115216073244" name="common_google_play_services_update_title">"Google Play ସେବାଗୁଡ଼ିକ ଅପଡେଟ୍ କରନ୍ତୁ"</string>
    <string msgid="7894275749778928941" name="common_google_play_services_updating_text">"Google Play ସେବାଗୁଡ଼ିକ ବିନା <ns1:g id="APP_NAME">%1$s</ns1:g> ଚାଲିବ ନାହିଁ, ଯେଉଁଗୁଡ଼ିକ ବର୍ତ୍ତମାନ ଅପଡେଟ୍‌ ହେଉଛି।"</string>
    <string msgid="2804989272736383918" name="common_google_play_services_wear_update_text">"Google Play ସେବାଗୁଡ଼ିକର ନୂତନ ଭର୍ସନ୍‌ ଆବଶ୍ୟକ। ଏହା ନିଜକୁ କିଛି ସମୟ ମଧ୍ୟରେ ଅପଡେଟ୍‌ କରିବ।"</string>
    <string msgid="5201977337835724196" name="common_open_on_phone">"ଫୋନ୍‌ରେ ଖୋଲନ୍ତୁ"</string>
    <string msgid="3441753203274453993" name="common_signin_button_text">"ସାଇନ୍‌-ଇନ୍ କରନ୍ତୁ"</string>
    <string msgid="669893613918351210" name="common_signin_button_text_long">"Google ସହ ସାଇନ୍‌-ଇନ୍ କରନ୍ତୁ"</string>
    <string msgid="146198913615257606" name="search_menu_title">"ସର୍ଚ୍ଚ କରନ୍ତୁ"</string>
    <string msgid="7988687684186075107" name="status_bar_notification_info_overflow">"999+"</string>
</resources>