<?xml version="1.0" encoding="utf-8"?>
<resources xmlns:ns1="urn:oasis:names:tc:xliff:document:1.2">
    <string msgid="4600421777120114993" name="abc_action_bar_home_description">"Idi na početnu"</string>
    <string msgid="1594238315039666878" name="abc_action_bar_up_description">"Idi gore"</string>
    <string msgid="3588849162933574182" name="abc_action_menu_overflow_description">"Dodatne opcije"</string>
    <string msgid="4076576682505996667" name="abc_action_mode_done">"Gotovo"</string>
    <string msgid="7468859129482906941" name="abc_activity_chooser_view_see_all">"Prikaži sve"</string>
    <string msgid="2031811694353399454" name="abc_activitychooserview_choose_application">"Odabir aplikacije"</string>
    <string msgid="121134116657445385" name="abc_capital_off">"ISKLJUČENO"</string>
    <string msgid="3405795526292276155" name="abc_capital_on">"UKLJUČENO"</string>
    <string msgid="1302280443949172191" name="abc_menu_alt_shortcut_label">"Alt+"</string>
    <string msgid="1324831542140195728" name="abc_menu_ctrl_shortcut_label">"Ctrl+"</string>
    <string msgid="8362206064229013510" name="abc_menu_delete_shortcut_label">"delete"</string>
    <string msgid="8341180395196749340" name="abc_menu_enter_shortcut_label">"enter"</string>
    <string msgid="4792426091847145555" name="abc_menu_function_shortcut_label">"Function+"</string>
    <string msgid="7643535737296831317" name="abc_menu_meta_shortcut_label">"Meta+"</string>
    <string msgid="8126296154200614004" name="abc_menu_shift_shortcut_label">"Shift+"</string>
    <string msgid="2378550843553983978" name="abc_menu_space_shortcut_label">"razmaknica"</string>
    <string msgid="9002602288060866689" name="abc_menu_sym_shortcut_label">"Sym+"</string>
    <string msgid="1351762916121158029" name="abc_prepend_shortcut_label">"Menu+"</string>
    <string msgid="7723749260725869598" name="abc_search_hint">"Pretražite…"</string>
    <string msgid="3691816814315814921" name="abc_searchview_description_clear">"Izbriši upit"</string>
    <string msgid="2550479030709304392" name="abc_searchview_description_query">"Upit za pretraživanje"</string>
    <string msgid="8264924765203268293" name="abc_searchview_description_search">"Pretraživanje"</string>
    <string msgid="8928215447528550784" name="abc_searchview_description_submit">"Pošalji upit"</string>
    <string msgid="893419373245838918" name="abc_searchview_description_voice">"Glasovno pretraživanje"</string>
    <string msgid="3421042268587513524" name="abc_shareactionprovider_share_with">"Dijeljenje sa"</string>
    <string msgid="3300176832234831527" name="abc_shareactionprovider_share_with_application">"Dijeli putem aplikacije <ns1:g id="APPLICATION_NAME">%s</ns1:g>"</string>
    <string msgid="1603543279005712093" name="abc_toolbar_collapse_description">"Sažmi"</string>
    <string msgid="8585111718777012708" name="common_google_play_services_enable_button">"Omogući"</string>
    <string msgid="7045129128108380659" name="common_google_play_services_enable_text">"<ns1:g id="APP_NAME">%1$s</ns1:g> neće funkcionirati ako ne omogućite usluge Google Playa."</string>
    <string msgid="3147157405986503375" name="common_google_play_services_enable_title">"Omogućivanje usluga Google Playa"</string>
    <string msgid="9115728400623041681" name="common_google_play_services_install_button">"Instaliraj"</string>
    <string msgid="8179894293032530091" name="common_google_play_services_install_text">"<ns1:g id="APP_NAME">%1$s</ns1:g> neće funkcionirati bez usluga Google Playa koje nisu instalirane na vašem uređaju."</string>
    <string msgid="7442193194585196676" name="common_google_play_services_install_title">"Preuzimanje usluga Google Playa"</string>
    <string msgid="4293541511340436975" name="common_google_play_services_notification_channel_name">"Dostupnost usluga za Google Play"</string>
    <string msgid="180394615667698242" name="common_google_play_services_notification_ticker">"Pogreška Usluga za Google Play"</string>
    <string msgid="2518680582564677258" name="common_google_play_services_unknown_issue">"<ns1:g id="APP_NAME">%1$s</ns1:g> ima poteškoća s uslugama Google Playa. Pokušajte ponovo."</string>
    <string msgid="5501187292256987189" name="common_google_play_services_unsupported_text">"<ns1:g id="APP_NAME">%1$s</ns1:g> neće funkcionirati bez usluga Google Playa koje vaš uređaj ne podržava."</string>
    <string msgid="8172070149091615356" name="common_google_play_services_update_button">"Ažuriraj"</string>
    <string msgid="7773943415006962566" name="common_google_play_services_update_text">"<ns1:g id="APP_NAME">%1$s</ns1:g> neće funkcionirati ako ne ažurirate Google Play usluge."</string>
    <string msgid="8706675115216073244" name="common_google_play_services_update_title">"Ažuriranje usluga Google Playa"</string>
    <string msgid="7894275749778928941" name="common_google_play_services_updating_text">"<ns1:g id="APP_NAME">%1$s</ns1:g> neće se pokrenuti bez usluga Google Playa koje se trenutačno ažuriraju."</string>
    <string msgid="2804989272736383918" name="common_google_play_services_wear_update_text">"Potrebna je nova verzija usluga Google Playa. Uskoro će se ažurirati."</string>
    <string msgid="5201977337835724196" name="common_open_on_phone">"Otvori na telefonu"</string>
    <string msgid="3441753203274453993" name="common_signin_button_text">"Prijava"</string>
    <string msgid="669893613918351210" name="common_signin_button_text_long">"Prijava putem Googlea"</string>
    <string msgid="146198913615257606" name="search_menu_title">"Pretraživanje"</string>
    <string msgid="7988687684186075107" name="status_bar_notification_info_overflow">"999+"</string>
</resources>