{
    "logs": [
        {
            "outputFile": "D:\\AndroidApp\\pollutionApp\\app\\build\\intermediates\\incremental\\mergeDebugResources\\merged.dir\\values-ka\\values-ka.xml",
            "map": [
                {
                    "source": "C:\\Users\\AK\\.gradle\\caches\\transforms-1\\files-1.1\\appcompat-v7-28.0.0.aar\\3b559868e56ba30f8d8c4e65262dcbed\\res\\values-ka\\values-ka.xml",
                    "from": {
                        "startLines": "2,3,4,5,6,7,8,9,10,11,12,13,14,15,16,17,18,19,20,21,22,23,24,25,26,27,28,29",
                        "startColumns": "4,4,4,4,4,4,4,4,4,4,4,4,4,4,4,4,4,4,4,4,4,4,4,4,4,4,4,4",
                        "startOffsets": "105,214,318,429,517,622,735,819,901,992,1085,1180,1276,1377,1470,1565,1659,1750,1841,1924,2037,2144,2242,2355,2459,2563,2720,2818",
                        "endColumns": "108,103,110,87,104,112,83,81,90,92,94,95,100,92,94,93,90,90,82,112,106,97,112,103,103,156,97,80",
                        "endOffsets": "209,313,424,512,617,730,814,896,987,1080,1175,1271,1372,1465,1560,1654,1745,1836,1919,2032,2139,2237,2350,2454,2558,2715,2813,2894"
                    },
                    "to": {
                        "startLines": "2,3,4,5,6,7,8,9,10,11,12,13,14,15,16,17,18,19,20,21,22,23,24,25,26,27,28,47",
                        "startColumns": "4,4,4,4,4,4,4,4,4,4,4,4,4,4,4,4,4,4,4,4,4,4,4,4,4,4,4,4",
                        "startOffsets": "105,214,318,429,517,622,735,819,901,992,1085,1180,1276,1377,1470,1565,1659,1750,1841,1924,2037,2144,2242,2355,2459,2563,2720,5527",
                        "endColumns": "108,103,110,87,104,112,83,81,90,92,94,95,100,92,94,93,90,90,82,112,106,97,112,103,103,156,97,80",
                        "endOffsets": "209,313,424,512,617,730,814,896,987,1080,1175,1271,1372,1465,1560,1654,1745,1836,1919,2032,2139,2237,2350,2454,2558,2715,2813,5603"
                    }
                },
                {
                    "source": "C:\\Users\\AK\\.gradle\\caches\\transforms-1\\files-1.1\\play-services-basement-16.0.1.aar\\cf2e8c063b88dd0e1ecad3301e066bde\\res\\values-ka\\values.xml",
                    "from": {
                        "startLines": "4",
                        "startColumns": "0",
                        "startOffsets": "247",
                        "endColumns": "201",
                        "endOffsets": "448"
                    },
                    "to": {
                        "startLines": "37",
                        "startColumns": "4",
                        "startOffsets": "3986",
                        "endColumns": "201",
                        "endOffsets": "4183"
                    }
                },
                {
                    "source": "C:\\Users\\AK\\.gradle\\caches\\transforms-1\\files-1.1\\support-compat-28.0.0.aar\\1970a8374905cdba3a8206c5254335d9\\res\\values-ka\\values-ka.xml",
                    "from": {
                        "startLines": "2",
                        "startColumns": "4",
                        "startOffsets": "55",
                        "endColumns": "100",
                        "endOffsets": "151"
                    },
                    "to": {
                        "startLines": "48",
                        "startColumns": "4",
                        "startOffsets": "5608",
                        "endColumns": "100",
                        "endOffsets": "5704"
                    }
                },
                {
                    "source": "C:\\Users\\AK\\.gradle\\caches\\transforms-1\\files-1.1\\play-services-base-16.0.1.aar\\8655860c1a266993fa515ed924167325\\res\\values-ka\\values.xml",
                    "from": {
                        "startLines": "4,5,6,7,8,9,10,11,12,13,14,15,16,17,18,19,20",
                        "startColumns": "0,0,0,0,0,0,0,0,0,0,0,0,0,0,0,0,0",
                        "startOffsets": "245,348,529,655,763,976,1108,1256,1389,1621,1727,1913,2039,2259,2424,2516,2603",
                        "endColumns": "102,180,125,107,212,131,147,132,231,105,185,125,219,164,91,86,100",
                        "endOffsets": "347,528,654,762,975,1107,1255,1388,1620,1726,1912,2038,2258,2423,2515,2602,2703"
                    },
                    "to": {
                        "startLines": "29,30,31,32,33,34,35,36,38,39,40,41,42,43,44,45,46",
                        "startColumns": "4,4,4,4,4,4,4,4,4,4,4,4,4,4,4,4,4",
                        "startOffsets": "2818,2925,3106,3236,3348,3561,3697,3849,4188,4420,4530,4716,4846,5066,5235,5331,5422",
                        "endColumns": "106,180,129,111,212,135,151,136,231,109,185,129,219,168,95,90,104",
                        "endOffsets": "2920,3101,3231,3343,3556,3692,3844,3981,4415,4525,4711,4841,5061,5230,5326,5417,5522"
                    }
                }
            ]
        }
    ]
}