<?xml version="1.0" encoding="utf-8"?>
<resources xmlns:ns1="urn:oasis:names:tc:xliff:document:1.2">
    <string msgid="4600421777120114993" name="abc_action_bar_home_description">"ホームへ移動"</string>
    <string msgid="1594238315039666878" name="abc_action_bar_up_description">"上へ移動"</string>
    <string msgid="3588849162933574182" name="abc_action_menu_overflow_description">"その他のオプション"</string>
    <string msgid="4076576682505996667" name="abc_action_mode_done">"完了"</string>
    <string msgid="7468859129482906941" name="abc_activity_chooser_view_see_all">"すべて表示"</string>
    <string msgid="2031811694353399454" name="abc_activitychooserview_choose_application">"アプリの選択"</string>
    <string msgid="121134116657445385" name="abc_capital_off">"OFF"</string>
    <string msgid="3405795526292276155" name="abc_capital_on">"ON"</string>
    <string msgid="1302280443949172191" name="abc_menu_alt_shortcut_label">"Alt+"</string>
    <string msgid="1324831542140195728" name="abc_menu_ctrl_shortcut_label">"Ctrl+"</string>
    <string msgid="8362206064229013510" name="abc_menu_delete_shortcut_label">"Delete"</string>
    <string msgid="8341180395196749340" name="abc_menu_enter_shortcut_label">"Enter"</string>
    <string msgid="4792426091847145555" name="abc_menu_function_shortcut_label">"Function+"</string>
    <string msgid="7643535737296831317" name="abc_menu_meta_shortcut_label">"Meta+"</string>
    <string msgid="8126296154200614004" name="abc_menu_shift_shortcut_label">"Shift+"</string>
    <string msgid="2378550843553983978" name="abc_menu_space_shortcut_label">"Space"</string>
    <string msgid="9002602288060866689" name="abc_menu_sym_shortcut_label">"Sym+"</string>
    <string msgid="1351762916121158029" name="abc_prepend_shortcut_label">"Menu+"</string>
    <string msgid="7723749260725869598" name="abc_search_hint">"検索…"</string>
    <string msgid="3691816814315814921" name="abc_searchview_description_clear">"検索キーワードを削除"</string>
    <string msgid="2550479030709304392" name="abc_searchview_description_query">"検索キーワード"</string>
    <string msgid="8264924765203268293" name="abc_searchview_description_search">"検索"</string>
    <string msgid="8928215447528550784" name="abc_searchview_description_submit">"検索キーワードを送信"</string>
    <string msgid="893419373245838918" name="abc_searchview_description_voice">"音声検索"</string>
    <string msgid="3421042268587513524" name="abc_shareactionprovider_share_with">"共有"</string>
    <string msgid="3300176832234831527" name="abc_shareactionprovider_share_with_application">"<ns1:g id="APPLICATION_NAME">%s</ns1:g>と共有"</string>
    <string msgid="1603543279005712093" name="abc_toolbar_collapse_description">"折りたたむ"</string>
    <string msgid="8585111718777012708" name="common_google_play_services_enable_button">"有効にする"</string>
    <string msgid="7045129128108380659" name="common_google_play_services_enable_text">"<ns1:g id="APP_NAME">%1$s</ns1:g>の実行には、Google Play開発者サービスの有効化が必要です。"</string>
    <string msgid="3147157405986503375" name="common_google_play_services_enable_title">"Google Play開発者サービスの有効化"</string>
    <string msgid="9115728400623041681" name="common_google_play_services_install_button">"インストール"</string>
    <string msgid="8179894293032530091" name="common_google_play_services_install_text">"「<ns1:g id="APP_NAME">%1$s</ns1:g>」の実行には Google Play 開発者サービスが必要ですが、お使いの端末にはインストールされていません。"</string>
    <string msgid="7442193194585196676" name="common_google_play_services_install_title">"Google Play開発者サービスの入手"</string>
    <string msgid="4293541511340436975" name="common_google_play_services_notification_channel_name">"Google Play 開発者サービスの利用"</string>
    <string msgid="180394615667698242" name="common_google_play_services_notification_ticker">"Google Play開発者サービスのエラー"</string>
    <string msgid="2518680582564677258" name="common_google_play_services_unknown_issue">"「<ns1:g id="APP_NAME">%1$s</ns1:g>」で Google Play 開発者サービスに問題が発生しています。もう一度お試しください。"</string>
    <string msgid="5501187292256987189" name="common_google_play_services_unsupported_text">"「<ns1:g id="APP_NAME">%1$s</ns1:g>」の実行には Google Play 開発者サービスが必要ですが、お使いの端末ではサポートされていません。"</string>
    <string msgid="8172070149091615356" name="common_google_play_services_update_button">"更新"</string>
    <string msgid="7773943415006962566" name="common_google_play_services_update_text">"<ns1:g id="APP_NAME">%1$s</ns1:g>の実行にはGoogle Play開発者サービスの更新が必要です。"</string>
    <string msgid="8706675115216073244" name="common_google_play_services_update_title">"Google Play開発者サービスの更新"</string>
    <string msgid="7894275749778928941" name="common_google_play_services_updating_text">"<ns1:g id="APP_NAME">%1$s</ns1:g>の実行にはGoogle Play開発者サービスが必要ですが、このサービスは現在更新中です。"</string>
    <string msgid="2804989272736383918" name="common_google_play_services_wear_update_text">"Google Play開発者サービスの新しいバージョンが必要です。まもなく自動更新されます。"</string>
    <string msgid="5201977337835724196" name="common_open_on_phone">"スマートフォンで開く"</string>
    <string msgid="3441753203274453993" name="common_signin_button_text">"ログイン"</string>
    <string msgid="669893613918351210" name="common_signin_button_text_long">"Googleにログイン"</string>
    <string msgid="146198913615257606" name="search_menu_title">"検索"</string>
    <string msgid="7988687684186075107" name="status_bar_notification_info_overflow">"999+"</string>
</resources>