<?xml version="1.0" encoding="utf-8"?>
<resources xmlns:ns1="urn:oasis:names:tc:xliff:document:1.2">
    <string msgid="4600421777120114993" name="abc_action_bar_home_description">"முகப்பிற்கு வழிசெலுத்து"</string>
    <string msgid="1594238315039666878" name="abc_action_bar_up_description">"மேலே செல்"</string>
    <string msgid="3588849162933574182" name="abc_action_menu_overflow_description">"மேலும் விருப்பங்கள்"</string>
    <string msgid="4076576682505996667" name="abc_action_mode_done">"முடிந்தது"</string>
    <string msgid="7468859129482906941" name="abc_activity_chooser_view_see_all">"எல்லாம் காட்டு"</string>
    <string msgid="2031811694353399454" name="abc_activitychooserview_choose_application">"பயன்பாட்டைத் தேர்வுசெய்க"</string>
    <string msgid="121134116657445385" name="abc_capital_off">"ஆஃப்"</string>
    <string msgid="3405795526292276155" name="abc_capital_on">"ஆன்"</string>
    <string msgid="1302280443949172191" name="abc_menu_alt_shortcut_label">"ஆல்ட் மற்றும்"</string>
    <string msgid="1324831542140195728" name="abc_menu_ctrl_shortcut_label">"கண்ட்ரோல் மற்றும்"</string>
    <string msgid="8362206064229013510" name="abc_menu_delete_shortcut_label">"டெலிட்"</string>
    <string msgid="8341180395196749340" name="abc_menu_enter_shortcut_label">"எண்டர்"</string>
    <string msgid="4792426091847145555" name="abc_menu_function_shortcut_label">"ஃபங்ஷன் மற்றும்"</string>
    <string msgid="7643535737296831317" name="abc_menu_meta_shortcut_label">"மெட்டா மற்றும்"</string>
    <string msgid="8126296154200614004" name="abc_menu_shift_shortcut_label">"ஷிஃப்ட் மற்றும்"</string>
    <string msgid="2378550843553983978" name="abc_menu_space_shortcut_label">"ஸ்பேஸ்"</string>
    <string msgid="9002602288060866689" name="abc_menu_sym_shortcut_label">"சிம்பல் மற்றும்"</string>
    <string msgid="1351762916121158029" name="abc_prepend_shortcut_label">"மெனு மற்றும்"</string>
    <string msgid="7723749260725869598" name="abc_search_hint">"தேடு..."</string>
    <string msgid="3691816814315814921" name="abc_searchview_description_clear">"வினவலை அழி"</string>
    <string msgid="2550479030709304392" name="abc_searchview_description_query">"தேடல் வினவல்"</string>
    <string msgid="8264924765203268293" name="abc_searchview_description_search">"தேடு"</string>
    <string msgid="8928215447528550784" name="abc_searchview_description_submit">"வினவலைச் சமர்ப்பி"</string>
    <string msgid="893419373245838918" name="abc_searchview_description_voice">"குரல் தேடல்"</string>
    <string msgid="3421042268587513524" name="abc_shareactionprovider_share_with">"இதனுடன் பகிர்"</string>
    <string msgid="3300176832234831527" name="abc_shareactionprovider_share_with_application">"<ns1:g id="APPLICATION_NAME">%s</ns1:g> மூலம் பகிர்"</string>
    <string msgid="1603543279005712093" name="abc_toolbar_collapse_description">"சுருக்கு"</string>
    <string msgid="8585111718777012708" name="common_google_play_services_enable_button">"இயக்கு"</string>
    <string msgid="7045129128108380659" name="common_google_play_services_enable_text">"Google Play சேவைகளை இயக்கினால் மட்டுமே, <ns1:g id="APP_NAME">%1$s</ns1:g> செயல்படும்."</string>
    <string msgid="3147157405986503375" name="common_google_play_services_enable_title">"Google Play சேவைகளை இயக்கவும்"</string>
    <string msgid="9115728400623041681" name="common_google_play_services_install_button">"நிறுவு"</string>
    <string msgid="8179894293032530091" name="common_google_play_services_install_text">"Google Play சேவைகள் இருந்தால் மட்டுமே, <ns1:g id="APP_NAME">%1$s</ns1:g> இயங்கும். அவை உங்கள் சாதனத்தில் இல்லை."</string>
    <string msgid="7442193194585196676" name="common_google_play_services_install_title">"Google Play சேவைகளைப் பெறவும்"</string>
    <string msgid="4293541511340436975" name="common_google_play_services_notification_channel_name">"கிடைக்கும் Google Play சேவைகள்"</string>
    <string msgid="180394615667698242" name="common_google_play_services_notification_ticker">"Google Play சேவைகள் பிழை"</string>
    <string msgid="2518680582564677258" name="common_google_play_services_unknown_issue">"Google Play சேவைகளில் சிக்கல் ஏற்பட்டதால், <ns1:g id="APP_NAME">%1$s</ns1:g> பயன்பாட்டை அணுக முடியவில்லை. மீண்டும் முயலவும்."</string>
    <string msgid="5501187292256987189" name="common_google_play_services_unsupported_text">"Google Play சேவைகள் இருந்தால் மட்டுமே <ns1:g id="APP_NAME">%1$s</ns1:g> பயன்பாடு இயங்கும். ஆனால், உங்கள் சாதனத்தில் அவை ஆதரிக்கப்படவில்லை."</string>
    <string msgid="8172070149091615356" name="common_google_play_services_update_button">"புதுப்பி"</string>
    <string msgid="7773943415006962566" name="common_google_play_services_update_text">"Google Play சேவைகளை இயக்கினால் மட்டுமே, <ns1:g id="APP_NAME">%1$s</ns1:g> செயல்படும்."</string>
    <string msgid="8706675115216073244" name="common_google_play_services_update_title">"Google Play சேவைகளைப் புதுப்பிக்கவும்"</string>
    <string msgid="7894275749778928941" name="common_google_play_services_updating_text">"தற்போது புதுப்பிக்கப்படும், Google Play சேவைகள் இருந்தால் மட்டுமே, <ns1:g id="APP_NAME">%1$s</ns1:g> செயல்படும்."</string>
    <string msgid="2804989272736383918" name="common_google_play_services_wear_update_text">"Google Play சேவைகளின் புதிய பதிப்பு தேவை. அது விரைவில் தானாகவே புதுப்பிக்கப்படும்."</string>
    <string msgid="5201977337835724196" name="common_open_on_phone">"மொபைலில் திற"</string>
    <string msgid="3441753203274453993" name="common_signin_button_text">"உள்நுழைக"</string>
    <string msgid="669893613918351210" name="common_signin_button_text_long">"Google மூலம் உள்நுழைக"</string>
    <string msgid="146198913615257606" name="search_menu_title">"தேடு"</string>
    <string msgid="7988687684186075107" name="status_bar_notification_info_overflow">"999+"</string>
</resources>