{
    "logs": [
        {
            "outputFile": "D:\\AndroidApp\\pollutionApp\\app\\build\\intermediates\\incremental\\mergeDebugResources\\merged.dir\\values-sl\\values-sl.xml",
            "map": [
                {
                    "source": "C:\\Users\\AK\\.gradle\\caches\\transforms-1\\files-1.1\\appcompat-v7-28.0.0.aar\\3b559868e56ba30f8d8c4e65262dcbed\\res\\values-sl\\values-sl.xml",
                    "from": {
                        "startLines": "2,3,4,5,6,7,8,9,10,11,12,13,14,15,16,17,18,19,20,21,22,23,24,25,26,27,28,29",
                        "startColumns": "4,4,4,4,4,4,4,4,4,4,4,4,4,4,4,4,4,4,4,4,4,4,4,4,4,4,4,4",
                        "startOffsets": "105,212,319,427,514,617,736,821,905,997,1091,1187,1281,1377,1471,1567,1667,1759,1851,1935,2043,2152,2252,2365,2472,2576,2756,2853",
                        "endColumns": "106,106,107,86,102,118,84,83,91,93,95,93,95,93,95,99,91,91,83,107,108,99,112,106,103,179,96,82",
                        "endOffsets": "207,314,422,509,612,731,816,900,992,1086,1182,1276,1372,1466,1562,1662,1754,1846,1930,2038,2147,2247,2360,2467,2571,2751,2848,2931"
                    },
                    "to": {
                        "startLines": "2,3,4,5,6,7,8,9,10,11,12,13,14,15,16,17,18,19,20,21,22,23,24,25,26,27,28,47",
                        "startColumns": "4,4,4,4,4,4,4,4,4,4,4,4,4,4,4,4,4,4,4,4,4,4,4,4,4,4,4,4",
                        "startOffsets": "105,212,319,427,514,617,736,821,905,997,1091,1187,1281,1377,1471,1567,1667,1759,1851,1935,2043,2152,2252,2365,2472,2576,2756,5566",
                        "endColumns": "106,106,107,86,102,118,84,83,91,93,95,93,95,93,95,99,91,91,83,107,108,99,112,106,103,179,96,82",
                        "endOffsets": "207,314,422,509,612,731,816,900,992,1086,1182,1276,1372,1466,1562,1662,1754,1846,1930,2038,2147,2247,2360,2467,2571,2751,2848,5644"
                    }
                },
                {
                    "source": "C:\\Users\\AK\\.gradle\\caches\\transforms-1\\files-1.1\\play-services-base-16.0.1.aar\\8655860c1a266993fa515ed924167325\\res\\values-sl\\values.xml",
                    "from": {
                        "startLines": "4,5,6,7,8,9,10,11,12,13,14,15,16,17,18,19,20",
                        "startColumns": "0,0,0,0,0,0,0,0,0,0,0,0,0,0,0,0,0",
                        "startOffsets": "245,349,546,673,778,984,1112,1252,1381,1598,1703,1901,2029,2240,2418,2514,2602",
                        "endColumns": "103,196,126,104,205,127,139,128,216,104,197,127,210,177,95,87,108",
                        "endOffsets": "348,545,672,777,983,1111,1251,1380,1597,1702,1900,2028,2239,2417,2513,2601,2710"
                    },
                    "to": {
                        "startLines": "29,30,31,32,33,34,35,36,38,39,40,41,42,43,44,45,46",
                        "startColumns": "4,4,4,4,4,4,4,4,4,4,4,4,4,4,4,4,4",
                        "startOffsets": "2853,2961,3158,3289,3398,3604,3736,3880,4212,4429,4538,4736,4868,5079,5261,5361,5453",
                        "endColumns": "107,196,130,108,205,131,143,132,216,108,197,131,210,181,99,91,112",
                        "endOffsets": "2956,3153,3284,3393,3599,3731,3875,4008,4424,4533,4731,4863,5074,5256,5356,5448,5561"
                    }
                },
                {
                    "source": "C:\\Users\\AK\\.gradle\\caches\\transforms-1\\files-1.1\\play-services-basement-16.0.1.aar\\cf2e8c063b88dd0e1ecad3301e066bde\\res\\values-sl\\values.xml",
                    "from": {
                        "startLines": "4",
                        "startColumns": "0",
                        "startOffsets": "247",
                        "endColumns": "198",
                        "endOffsets": "445"
                    },
                    "to": {
                        "startLines": "37",
                        "startColumns": "4",
                        "startOffsets": "4013",
                        "endColumns": "198",
                        "endOffsets": "4207"
                    }
                },
                {
                    "source": "C:\\Users\\AK\\.gradle\\caches\\transforms-1\\files-1.1\\support-compat-28.0.0.aar\\1970a8374905cdba3a8206c5254335d9\\res\\values-sl\\values-sl.xml",
                    "from": {
                        "startLines": "2",
                        "startColumns": "4",
                        "startOffsets": "55",
                        "endColumns": "100",
                        "endOffsets": "151"
                    },
                    "to": {
                        "startLines": "48",
                        "startColumns": "4",
                        "startOffsets": "5649",
                        "endColumns": "100",
                        "endOffsets": "5745"
                    }
                }
            ]
        }
    ]
}