<?xml version="1.0" encoding="utf-8"?>
<resources xmlns:ns1="urn:oasis:names:tc:xliff:document:1.2">
    <string msgid="4600421777120114993" name="abc_action_bar_home_description">"Revenir à l\'accueil"</string>
    <string msgid="1594238315039666878" name="abc_action_bar_up_description">"Revenir en haut de la page"</string>
    <string msgid="3588849162933574182" name="abc_action_menu_overflow_description">"Plus d\'options"</string>
    <string msgid="4076576682505996667" name="abc_action_mode_done">"Terminé"</string>
    <string msgid="7468859129482906941" name="abc_activity_chooser_view_see_all">"Voir toutes les chaînes"</string>
    <string msgid="2031811694353399454" name="abc_activitychooserview_choose_application">"Sélectionnez une application"</string>
    <string msgid="121134116657445385" name="abc_capital_off">"DÉSACTIVÉ"</string>
    <string msgid="3405795526292276155" name="abc_capital_on">"ACTIVÉ"</string>
    <string msgid="1302280443949172191" name="abc_menu_alt_shortcut_label">"Alt+"</string>
    <string msgid="1324831542140195728" name="abc_menu_ctrl_shortcut_label">"Ctrl+"</string>
    <string msgid="8362206064229013510" name="abc_menu_delete_shortcut_label">"supprimer"</string>
    <string msgid="8341180395196749340" name="abc_menu_enter_shortcut_label">"entrée"</string>
    <string msgid="4792426091847145555" name="abc_menu_function_shortcut_label">"Fonction+"</string>
    <string msgid="7643535737296831317" name="abc_menu_meta_shortcut_label">"Méta+"</string>
    <string msgid="8126296154200614004" name="abc_menu_shift_shortcut_label">"Maj+"</string>
    <string msgid="2378550843553983978" name="abc_menu_space_shortcut_label">"espace"</string>
    <string msgid="9002602288060866689" name="abc_menu_sym_shortcut_label">"Sym+"</string>
    <string msgid="1351762916121158029" name="abc_prepend_shortcut_label">"Menu+"</string>
    <string msgid="7723749260725869598" name="abc_search_hint">"Recherche en cours..."</string>
    <string msgid="3691816814315814921" name="abc_searchview_description_clear">"Effacer la requête"</string>
    <string msgid="2550479030709304392" name="abc_searchview_description_query">"Requête de recherche"</string>
    <string msgid="8264924765203268293" name="abc_searchview_description_search">"Rechercher"</string>
    <string msgid="8928215447528550784" name="abc_searchview_description_submit">"Envoyer la requête"</string>
    <string msgid="893419373245838918" name="abc_searchview_description_voice">"Recherche vocale"</string>
    <string msgid="3421042268587513524" name="abc_shareactionprovider_share_with">"Partager"</string>
    <string msgid="3300176832234831527" name="abc_shareactionprovider_share_with_application">"Partager avec <ns1:g id="APPLICATION_NAME">%s</ns1:g>"</string>
    <string msgid="1603543279005712093" name="abc_toolbar_collapse_description">"Réduire"</string>
    <string msgid="8585111718777012708" name="common_google_play_services_enable_button">"Activer"</string>
    <string msgid="7045129128108380659" name="common_google_play_services_enable_text">"<ns1:g id="APP_NAME">%1$s</ns1:g> ne fonctionnera pas tant que vous n\'aurez pas activé les services Google Play."</string>
    <string msgid="3147157405986503375" name="common_google_play_services_enable_title">"Activer les services Google Play"</string>
    <string msgid="9115728400623041681" name="common_google_play_services_install_button">"Installer"</string>
    <string msgid="8179894293032530091" name="common_google_play_services_install_text">"<ns1:g id="APP_NAME">%1$s</ns1:g> ne fonctionnera pas sans les services Google Play, qui ne sont pas installés sur votre appareil."</string>
    <string msgid="7442193194585196676" name="common_google_play_services_install_title">"Installer les services Google Play"</string>
    <string msgid="4293541511340436975" name="common_google_play_services_notification_channel_name">"Disponibilité des services Google Play"</string>
    <string msgid="180394615667698242" name="common_google_play_services_notification_ticker">"Erreur liée aux services Google Play"</string>
    <string msgid="2518680582564677258" name="common_google_play_services_unknown_issue">"L\'application <ns1:g id="APP_NAME">%1$s</ns1:g> éprouve un problème avec les services Google Play. Veuillez réessayer."</string>
    <string msgid="5501187292256987189" name="common_google_play_services_unsupported_text">"L\'application <ns1:g id="APP_NAME">%1$s</ns1:g> ne fonctionnera pas sans les services Google Play, qui ne sont pas pris en charge par votre appareil."</string>
    <string msgid="8172070149091615356" name="common_google_play_services_update_button">"Mettre à jour"</string>
    <string msgid="7773943415006962566" name="common_google_play_services_update_text">"<ns1:g id="APP_NAME">%1$s</ns1:g> ne fonctionnera pas tant que vous n\'aurez pas mis à jour les services Google Play."</string>
    <string msgid="8706675115216073244" name="common_google_play_services_update_title">"Mettre à jour les services Google Play"</string>
    <string msgid="7894275749778928941" name="common_google_play_services_updating_text">"<ns1:g id="APP_NAME">%1$s</ns1:g> ne fonctionnera pas sans les services Google Play, qui sont actuellement mis à jour."</string>
    <string msgid="2804989272736383918" name="common_google_play_services_wear_update_text">"La nouvelle version des services Google Play est nécessaire. Elle sera bientôt installée automatiquement."</string>
    <string msgid="5201977337835724196" name="common_open_on_phone">"Ouvrir sur le téléphone"</string>
    <string msgid="3441753203274453993" name="common_signin_button_text">"Connexion"</string>
    <string msgid="669893613918351210" name="common_signin_button_text_long">"Se connecter avec Google"</string>
    <string msgid="146198913615257606" name="search_menu_title">"Rechercher"</string>
    <string msgid="7988687684186075107" name="status_bar_notification_info_overflow">"999+"</string>
</resources>