<?xml version="1.0" encoding="utf-8"?>
<resources xmlns:ns1="urn:oasis:names:tc:xliff:document:1.2">
    <string msgid="4600421777120114993" name="abc_action_bar_home_description">"Visa startsidan"</string>
    <string msgid="1594238315039666878" name="abc_action_bar_up_description">"Navigera uppåt"</string>
    <string msgid="3588849162933574182" name="abc_action_menu_overflow_description">"Fler alternativ"</string>
    <string msgid="4076576682505996667" name="abc_action_mode_done">"Klart"</string>
    <string msgid="7468859129482906941" name="abc_activity_chooser_view_see_all">"Visa alla"</string>
    <string msgid="2031811694353399454" name="abc_activitychooserview_choose_application">"Välj en app"</string>
    <string msgid="121134116657445385" name="abc_capital_off">"AV"</string>
    <string msgid="3405795526292276155" name="abc_capital_on">"PÅ"</string>
    <string msgid="1302280443949172191" name="abc_menu_alt_shortcut_label">"Alt + "</string>
    <string msgid="1324831542140195728" name="abc_menu_ctrl_shortcut_label">"Ctrl + "</string>
    <string msgid="8362206064229013510" name="abc_menu_delete_shortcut_label">"delete"</string>
    <string msgid="8341180395196749340" name="abc_menu_enter_shortcut_label">"retur"</string>
    <string msgid="4792426091847145555" name="abc_menu_function_shortcut_label">"Funktion + "</string>
    <string msgid="7643535737296831317" name="abc_menu_meta_shortcut_label">"Meta + "</string>
    <string msgid="8126296154200614004" name="abc_menu_shift_shortcut_label">"Skift + "</string>
    <string msgid="2378550843553983978" name="abc_menu_space_shortcut_label">"blanksteg"</string>
    <string msgid="9002602288060866689" name="abc_menu_sym_shortcut_label">"Symbol + "</string>
    <string msgid="1351762916121158029" name="abc_prepend_shortcut_label">"Meny + "</string>
    <string msgid="7723749260725869598" name="abc_search_hint">"Sök …"</string>
    <string msgid="3691816814315814921" name="abc_searchview_description_clear">"Ta bort frågan"</string>
    <string msgid="2550479030709304392" name="abc_searchview_description_query">"Sökfråga"</string>
    <string msgid="8264924765203268293" name="abc_searchview_description_search">"Sök"</string>
    <string msgid="8928215447528550784" name="abc_searchview_description_submit">"Skicka fråga"</string>
    <string msgid="893419373245838918" name="abc_searchview_description_voice">"Röstsökning"</string>
    <string msgid="3421042268587513524" name="abc_shareactionprovider_share_with">"Dela med"</string>
    <string msgid="3300176832234831527" name="abc_shareactionprovider_share_with_application">"Dela med <ns1:g id="APPLICATION_NAME">%s</ns1:g>"</string>
    <string msgid="1603543279005712093" name="abc_toolbar_collapse_description">"Komprimera"</string>
    <string msgid="8585111718777012708" name="common_google_play_services_enable_button">"Aktivera"</string>
    <string msgid="7045129128108380659" name="common_google_play_services_enable_text">"<ns1:g id="APP_NAME">%1$s</ns1:g> fungerar inte om du inte aktiverar Google Play-tjänster."</string>
    <string msgid="3147157405986503375" name="common_google_play_services_enable_title">"Aktivera Google Play-tjänster"</string>
    <string msgid="9115728400623041681" name="common_google_play_services_install_button">"Installera"</string>
    <string msgid="8179894293032530091" name="common_google_play_services_install_text">"<ns1:g id="APP_NAME">%1$s</ns1:g> kan inte köras utan Google Play-tjänsterna, som saknas på enheten."</string>
    <string msgid="7442193194585196676" name="common_google_play_services_install_title">"Hämta Google Play-tjänster"</string>
    <string msgid="4293541511340436975" name="common_google_play_services_notification_channel_name">"Tillgänglighet för Google Plays tjänster"</string>
    <string msgid="180394615667698242" name="common_google_play_services_notification_ticker">"Fel på Google Play-tjänster"</string>
    <string msgid="2518680582564677258" name="common_google_play_services_unknown_issue">"Det har uppstått ett fel mellan <ns1:g id="APP_NAME">%1$s</ns1:g> och Google Play-tjänsterna. Försök igen."</string>
    <string msgid="5501187292256987189" name="common_google_play_services_unsupported_text">"<ns1:g id="APP_NAME">%1$s</ns1:g> fungerar inte utan Google Play-tjänsterna, som inte stöds på enheten."</string>
    <string msgid="8172070149091615356" name="common_google_play_services_update_button">"Uppdatera"</string>
    <string msgid="7773943415006962566" name="common_google_play_services_update_text">"<ns1:g id="APP_NAME">%1$s</ns1:g> kan inte köras om du inte uppdaterar Google Play-tjänsterna."</string>
    <string msgid="8706675115216073244" name="common_google_play_services_update_title">"Uppdatera Google Play-tjänster"</string>
    <string msgid="7894275749778928941" name="common_google_play_services_updating_text">"<ns1:g id="APP_NAME">%1$s</ns1:g> kan inte köras utan Google Play-tjänster, och dessa uppdateras för närvarande."</string>
    <string msgid="2804989272736383918" name="common_google_play_services_wear_update_text">"En ny version av Google Play-tjänster krävs. Den uppdateras automatiskt inom kort."</string>
    <string msgid="5201977337835724196" name="common_open_on_phone">"Öppna på mobilen"</string>
    <string msgid="3441753203274453993" name="common_signin_button_text">"Logga in"</string>
    <string msgid="669893613918351210" name="common_signin_button_text_long">"Logga in med Google"</string>
    <string msgid="146198913615257606" name="search_menu_title">"Sök"</string>
    <string msgid="7988687684186075107" name="status_bar_notification_info_overflow">"999+"</string>
</resources>