{
    "logs": [
        {
            "outputFile": "D:\\AndroidApp\\pollutionApp\\app\\build\\intermediates\\incremental\\mergeDebugResources\\merged.dir\\values-az\\values-az.xml",
            "map": [
                {
                    "source": "C:\\Users\\AK\\.gradle\\caches\\transforms-1\\files-1.1\\appcompat-v7-28.0.0.aar\\3b559868e56ba30f8d8c4e65262dcbed\\res\\values-az\\values-az.xml",
                    "from": {
                        "startLines": "2,3,4,5,6,7,8,9,10,11,12,13,14,15,16,17,18,19,20,21,22,23,24,25,26,27,28,29",
                        "startColumns": "4,4,4,4,4,4,4,4,4,4,4,4,4,4,4,4,4,4,4,4,4,4,4,4,4,4,4,4",
                        "startOffsets": "105,213,312,424,512,619,733,814,893,984,1077,1172,1271,1372,1465,1560,1655,1746,1838,1923,2030,2137,2237,2346,2450,2560,2718,2820",
                        "endColumns": "107,98,111,87,106,113,80,78,90,92,94,98,100,92,94,94,90,91,84,106,106,99,108,103,109,157,101,82",
                        "endOffsets": "208,307,419,507,614,728,809,888,979,1072,1167,1266,1367,1460,1555,1650,1741,1833,1918,2025,2132,2232,2341,2445,2555,2713,2815,2898"
                    },
                    "to": {
                        "startLines": "2,3,4,5,6,7,8,9,10,11,12,13,14,15,16,17,18,19,20,21,22,23,24,25,26,27,28,47",
                        "startColumns": "4,4,4,4,4,4,4,4,4,4,4,4,4,4,4,4,4,4,4,4,4,4,4,4,4,4,4,4",
                        "startOffsets": "105,213,312,424,512,619,733,814,893,984,1077,1172,1271,1372,1465,1560,1655,1746,1838,1923,2030,2137,2237,2346,2450,2560,2718,5555",
                        "endColumns": "107,98,111,87,106,113,80,78,90,92,94,98,100,92,94,94,90,91,84,106,106,99,108,103,109,157,101,82",
                        "endOffsets": "208,307,419,507,614,728,809,888,979,1072,1167,1266,1367,1460,1555,1650,1741,1833,1918,2025,2132,2232,2341,2445,2555,2713,2815,5633"
                    }
                },
                {
                    "source": "C:\\Users\\AK\\.gradle\\caches\\transforms-1\\files-1.1\\support-compat-28.0.0.aar\\1970a8374905cdba3a8206c5254335d9\\res\\values-az\\values-az.xml",
                    "from": {
                        "startLines": "2",
                        "startColumns": "4",
                        "startOffsets": "55",
                        "endColumns": "100",
                        "endOffsets": "151"
                    },
                    "to": {
                        "startLines": "48",
                        "startColumns": "4",
                        "startOffsets": "5638",
                        "endColumns": "100",
                        "endOffsets": "5734"
                    }
                },
                {
                    "source": "C:\\Users\\AK\\.gradle\\caches\\transforms-1\\files-1.1\\play-services-base-16.0.1.aar\\8655860c1a266993fa515ed924167325\\res\\values-az\\values.xml",
                    "from": {
                        "startLines": "4,5,6,7,8,9,10,11,12,13,14,15,16,17,18,19,20",
                        "startColumns": "0,0,0,0,0,0,0,0,0,0,0,0,0,0,0,0,0",
                        "startOffsets": "245,352,539,670,778,983,1114,1260,1391,1616,1724,1904,2039,2242,2424,2514,2605",
                        "endColumns": "106,186,130,107,204,130,145,130,224,107,179,134,202,181,89,90,105",
                        "endOffsets": "351,538,669,777,982,1113,1259,1390,1615,1723,1903,2038,2241,2423,2513,2604,2710"
                    },
                    "to": {
                        "startLines": "29,30,31,32,33,34,35,36,38,39,40,41,42,43,44,45,46",
                        "startColumns": "4,4,4,4,4,4,4,4,4,4,4,4,4,4,4,4,4",
                        "startOffsets": "2820,2931,3118,3253,3365,3570,3705,3855,4211,4436,4548,4728,4867,5070,5256,5350,5445",
                        "endColumns": "110,186,134,111,204,134,149,134,224,111,179,138,202,185,93,94,109",
                        "endOffsets": "2926,3113,3248,3360,3565,3700,3850,3985,4431,4543,4723,4862,5065,5251,5345,5440,5550"
                    }
                },
                {
                    "source": "C:\\Users\\AK\\.gradle\\caches\\transforms-1\\files-1.1\\play-services-basement-16.0.1.aar\\cf2e8c063b88dd0e1ecad3301e066bde\\res\\values-az\\values.xml",
                    "from": {
                        "startLines": "4",
                        "startColumns": "0",
                        "startOffsets": "247",
                        "endColumns": "220",
                        "endOffsets": "467"
                    },
                    "to": {
                        "startLines": "37",
                        "startColumns": "4",
                        "startOffsets": "3990",
                        "endColumns": "220",
                        "endOffsets": "4206"
                    }
                }
            ]
        }
    ]
}