<?xml version="1.0" encoding="utf-8"?>
<manifest xmlns:android="http://schemas.android.com/apk/res/android"
    package="com.pollution.pollutionApp"
    android:targetSandboxVersion="2"
    android:versionCode="1"
    android:versionName="1.0" >

    <uses-sdk
        android:minSdkVersion="19"
        android:targetSdkVersion="28" />

    <!-- Although the *SdkVersion is captured in gradle build files, this is required for non gradle builds -->
    <!-- <uses-sdk android:minSdkVersion="14"/> -->
    <uses-permission android:name="android.permission.ACCESS_NETWORK_STATE" />
    <uses-permission android:name="android.permission.INTERNET" />

    <application
        android:allowBackup="true"
        android:appComponentFactory="android.support.v4.app.CoreComponentFactory"
        android:debuggable="true"
        android:icon="@mipmap/ic_launcher"
        android:label="@string/app_name"
        android:roundIcon="@mipmap/ic_launcher_round"
        android:supportsRtl="true"
        android:testOnly="true"
        android:theme="@style/AppTheme" >
        <activity android:name="com.pollution.pollutionApp.MainActivity" >
            <intent-filter>
                <action android:name="android.intent.action.MAIN" />

                <category android:name="android.intent.category.LAUNCHER" />
            </intent-filter>
        </activity>

        <service android:name="com.google.firebase.components.ComponentDiscoveryService" >
            <meta-data
                android:name="com.google.firebase.components:com.google.firebase.database.DatabaseRegistrar"
                android:value="com.google.firebase.components.ComponentRegistrar" />
        </service>

        <activity
            android:name="com.google.android.gms.common.api.GoogleApiActivity"
            android:exported="false"
            android:theme="@android:style/Theme.Translucent.NoTitleBar" />

        <provider
            android:name="com.google.firebase.provider.FirebaseInitProvider"
            android:authorities="com.pollution.pollutionApp.firebaseinitprovider"
            android:exported="false"
            android:initOrder="100" />

        <meta-data
            android:name="com.google.android.gms.version"
            android:value="@integer/google_play_services_version" />
        <meta-data
            android:name="android.support.VERSION"
            android:value="26.1.0" />

        <provider
            android:name="com.android.tools.ir.server.InstantRunContentProvider"
            android:authorities="com.pollution.pollutionApp.com.android.tools.ir.server.InstantRunContentProvider"
            android:multiprocess="true" />
    </application>

</manifest>