{
    "logs": [
        {
            "outputFile": "D:\\AndroidApp\\pollutionApp\\app\\build\\intermediates\\incremental\\mergeDebugResources\\merged.dir\\values-v23\\values-v23.xml",
            "map": [
                {
                    "source": "C:\\Users\\AK\\.gradle\\caches\\transforms-1\\files-1.1\\appcompat-v7-28.0.0.aar\\3b559868e56ba30f8d8c4e65262dcbed\\res\\values-v23\\values-v23.xml",
                    "from": {
                        "startLines": "2,3,4,5,6,19,32,33,34,35,36",
                        "startColumns": "4,4,4,4,4,4,4,4,4,4,4",
                        "startOffsets": "55,190,325,400,487,1277,2079,2206,2311,2426,2533",
                        "endLines": "2,3,4,5,18,31,32,33,34,35,36",
                        "endColumns": "134,134,74,86,12,12,126,104,114,106,112",
                        "endOffsets": "185,320,395,482,1272,2074,2201,2306,2421,2528,2641"
                    }
                }
            ]
        }
    ]
}